{
    "name": "root",
    "gauges": {
        "MovetoGoal.Policy.Entropy.mean": {
            "value": 1.4155075550079346,
            "min": 1.4155075550079346,
            "max": 1.4155075550079346,
            "count": 1
        },
        "MovetoGoal.Policy.Entropy.sum": {
            "value": 71058.4765625,
            "min": 71058.4765625,
            "max": 71058.4765625,
            "count": 1
        },
        "MovetoGoal.Environment.EpisodeLength.mean": {
            "value": 5.894526402867779,
            "min": 5.894526402867779,
            "max": 5.894526402867779,
            "count": 1
        },
        "MovetoGoal.Environment.EpisodeLength.sum": {
            "value": 42753.0,
            "min": 42753.0,
            "max": 42753.0,
            "count": 1
        },
        "MovetoGoal.Step.mean": {
            "value": 49995.0,
            "min": 49995.0,
            "max": 49995.0,
            "count": 1
        },
        "MovetoGoal.Step.sum": {
            "value": 49995.0,
            "min": 49995.0,
            "max": 49995.0,
            "count": 1
        },
        "MovetoGoal.Policy.ExtrinsicValueEstimate.mean": {
            "value": -8.677300453186035,
            "min": -8.677300453186035,
            "max": -8.677300453186035,
            "count": 1
        },
        "MovetoGoal.Policy.ExtrinsicValueEstimate.sum": {
            "value": -62927.78515625,
            "min": -62927.78515625,
            "max": -62927.78515625,
            "count": 1
        },
        "MovetoGoal.Environment.CumulativeReward.mean": {
            "value": -0.8841698841698842,
            "min": -0.8841698841698842,
            "max": -0.8841698841698842,
            "count": 1
        },
        "MovetoGoal.Environment.CumulativeReward.sum": {
            "value": -6412.0,
            "min": -6412.0,
            "max": -6412.0,
            "count": 1
        },
        "MovetoGoal.Policy.ExtrinsicReward.mean": {
            "value": -0.8841698841698842,
            "min": -0.8841698841698842,
            "max": -0.8841698841698842,
            "count": 1
        },
        "MovetoGoal.Policy.ExtrinsicReward.sum": {
            "value": -6412.0,
            "min": -6412.0,
            "max": -6412.0,
            "count": 1
        },
        "MovetoGoal.Losses.PolicyLoss.mean": {
            "value": 0.026776869895790395,
            "min": 0.026776869895790395,
            "max": 0.026776869895790395,
            "count": 1
        },
        "MovetoGoal.Losses.PolicyLoss.sum": {
            "value": 0.10710747958316158,
            "min": 0.10710747958316158,
            "max": 0.10710747958316158,
            "count": 1
        },
        "MovetoGoal.Losses.ValueLoss.mean": {
            "value": 24.659263733401897,
            "min": 24.659263733401897,
            "max": 24.659263733401897,
            "count": 1
        },
        "MovetoGoal.Losses.ValueLoss.sum": {
            "value": 98.63705493360759,
            "min": 98.63705493360759,
            "max": 98.63705493360759,
            "count": 1
        },
        "MovetoGoal.Policy.LearningRate.mean": {
            "value": 0.00028462935512355,
            "min": 0.00028462935512355,
            "max": 0.00028462935512355,
            "count": 1
        },
        "MovetoGoal.Policy.LearningRate.sum": {
            "value": 0.0011385174204942,
            "min": 0.0011385174204942,
            "max": 0.0011385174204942,
            "count": 1
        },
        "MovetoGoal.Policy.Epsilon.mean": {
            "value": 0.19487644999999998,
            "min": 0.19487644999999998,
            "max": 0.19487644999999998,
            "count": 1
        },
        "MovetoGoal.Policy.Epsilon.sum": {
            "value": 0.7795057999999999,
            "min": 0.7795057999999999,
            "max": 0.7795057999999999,
            "count": 1
        },
        "MovetoGoal.Policy.Beta.mean": {
            "value": 0.004744334855000001,
            "min": 0.004744334855000001,
            "max": 0.004744334855000001,
            "count": 1
        },
        "MovetoGoal.Policy.Beta.sum": {
            "value": 0.018977339420000003,
            "min": 0.018977339420000003,
            "max": 0.018977339420000003,
            "count": 1
        },
        "MovetoGoal.IsTraining.mean": {
            "value": 1.0,
            "min": 1.0,
            "max": 1.0,
            "count": 1
        },
        "MovetoGoal.IsTraining.sum": {
            "value": 1.0,
            "min": 1.0,
            "max": 1.0,
            "count": 1
        }
    },
    "metadata": {
        "timer_format_version": "0.1.0",
        "start_time_seconds": "1656161464",
        "python_version": "3.9.5 (tags/v3.9.5:0a7dcbd, May  3 2021, 17:27:52) [MSC v.1928 64 bit (AMD64)]",
        "command_line_arguments": "C:\\Users\\ELASR\\OneDrive\\Bureau\\UnityProjects\\OpenSource\\TerrainMesh\\Terrain\\mlAgent\\Scripts\\mlagents-learn --run-id=Test2",
        "mlagents_version": "0.29.0",
        "mlagents_envs_version": "0.29.0",
        "communication_protocol_version": "1.5.0",
        "pytorch_version": "1.11.0+cpu",
        "numpy_version": "1.21.2",
        "end_time_seconds": "1656161704"
    },
    "total": 240.3744553,
    "count": 1,
    "self": 0.015505799999999681,
    "children": {
        "run_training.setup": {
            "total": 0.3673947000000002,
            "count": 1,
            "self": 0.3673947000000002
        },
        "TrainerController.start_learning": {
            "total": 239.9915548,
            "count": 1,
            "self": 0.3890008000010994,
            "children": {
                "TrainerController._reset_env": {
                    "total": 8.743385400000001,
                    "count": 1,
                    "self": 8.743385400000001
                },
                "TrainerController.advance": {
                    "total": 230.6132584999989,
                    "count": 10235,
                    "self": 0.3259001999990687,
                    "children": {
                        "env_step": {
                            "total": 188.34843919999994,
                            "count": 10235,
                            "self": 183.46692430000044,
                            "children": {
                                "SubprocessEnvManager._take_step": {
                                    "total": 4.676255400000002,
                                    "count": 10236,
                                    "self": 0.5036728000006789,
                                    "children": {
                                        "TorchPolicy.evaluate": {
                                            "total": 4.172582599999323,
                                            "count": 4094,
                                            "self": 0.8492273999997764,
                                            "children": {
                                                "TorchPolicy.sample_actions": {
                                                    "total": 3.323355199999547,
                                                    "count": 4094,
                                                    "self": 3.323355199999547
                                                }
                                            }
                                        }
                                    }
                                },
                                "workers": {
                                    "total": 0.20525949999950655,
                                    "count": 10234,
                                    "self": 0.0,
                                    "children": {
                                        "worker_root": {
                                            "total": 130.50649969999938,
                                            "count": 10234,
                                            "is_parallel": true,